Rep Saliency Kappa,Pro Saliency Kappa
0.1558170025526674,-0.01607673207069484
