Rep Saliency Kappa,Pro Saliency Kappa
0.2742083729192375,0.041522530045030176
