Rep Saliency Kappa,Pro Saliency Kappa
0.07349102428722273,-0.061552311962855266
