Rep Saliency Kappa,Pro Saliency Kappa
0.1608115826405446,0.014686779462864974
